"First Name","Last Name","Age","Email"
"Vincent","Mason","21","v.mason@randatmail.com"
"Edgar","Hall","30","e.hall@randatmail.com"
"Daisy","Johnson","22","d.johnson@randatmail.com"
"Myra","Mitchell","27","m.mitchell@randatmail.com"
"Lucia","Stevens","23","l.stevens@randatmail.com"
"Antony","Cooper","22","a.cooper@randatmail.com"
"James","Tucker","30","j.tucker@randatmail.com"
"Oscar","West","26","o.west@randatmail.com"
"Heather","Wells","27","h.wells@randatmail.com"
"Oliver","Craig","26","o.craig@randatmail.com"
"Nicole","Thomas","30","n.thomas@randatmail.com"
"Amy","Watson","30","a.watson@randatmail.com"
"Alina","Perry","30","a.perry@randatmail.com"
"Hailey","Stevens","28","h.stevens@randatmail.com"
"Lydia","Dixon","20","l.dixon@randatmail.com"
"Amber","Ellis","21","a.ellis@randatmail.com"
"Mike","Morgan","18","m.morgan@randatmail.com"
"Maya","Parker","27","m.parker@randatmail.com"
"Harold","Howard","19","h.howard@randatmail.com"
"Darcy","Murray","20","d.murray@randatmail.com"
"Ellia","Bennett","30","e.bennett@randatmail.com"
"Camila","Gibson","19","c.gibson@randatmail.com"
"Gianna","Cunningham","27","g.cunningham@randatmail.com"
"Maddie","Johnson","21","m.johnson@randatmail.com"
"Ted","Hunt","19","t.hunt@randatmail.com"
"Annabella","Wilson","21","a.wilson@randatmail.com"
"Oscar","Barnes","24","o.barnes@randatmail.com"
"Alford","Hill","28","a.hill@randatmail.com"
"Adele","Baker","28","a.baker@randatmail.com"
"Jenna","Riley","21","j.riley@randatmail.com"
"April","Carroll","21","a.carroll@randatmail.com"
"Steven","Mitchell","19","s.mitchell@randatmail.com"
"Catherine","Thomas","21","c.thomas@randatmail.com"
"Maximilian","Parker","25","m.parker@randatmail.com"
"Valeria","Thomas","28","v.thomas@randatmail.com"
"Alina","Myers","26","a.myers@randatmail.com"
"Owen","Hall","30","o.hall@randatmail.com"
"Lucia","Holmes","27","l.holmes@randatmail.com"
"Alexia","Parker","22","a.parker@randatmail.com"
"Sofia","Brown","27","s.brown@randatmail.com"
"Cherry","Gibson","23","c.gibson@randatmail.com"
"Sienna","Roberts","21","s.roberts@randatmail.com"
"Hailey","Douglas","26","h.douglas@randatmail.com"
"Frederick","Scott","22","f.scott@randatmail.com"
"Alberta","Casey","19","a.casey@randatmail.com"
"Madaline","Edwards","28","m.edwards@randatmail.com"
"Arthur","Wells","26","a.wells@randatmail.com"
"Leonardo","Barnes","20","l.barnes@randatmail.com"
"Catherine","Morrison","24","c.morrison@randatmail.com"
"Tyler","Robinson","27","t.robinson@randatmail.com"
"Evelyn","Bennett","22","e.bennett@randatmail.com"
"Maria","Smith","24","m.smith@randatmail.com"
"Stuart","Mason","29","s.mason@randatmail.com"
"John","Higgins","19","j.higgins@randatmail.com"
"Sydney","Bennett","27","s.bennett@randatmail.com"
"Sabrina","Martin","18","s.martin@randatmail.com"
"Sienna","Campbell","22","s.campbell@randatmail.com"
"Marcus","Thompson","21","m.thompson@randatmail.com"
"Maya","Mason","28","m.mason@randatmail.com"
"Chester","Barrett","20","c.barrett@randatmail.com"
"Darcy","Brown","25","d.brown@randatmail.com"
"Robert","Ferguson","18","r.ferguson@randatmail.com"
"Freddie","Evans","21","f.evans@randatmail.com"
"Brianna","Wells","28","b.wells@randatmail.com"
"Ryan","Anderson","26","r.anderson@randatmail.com"
"Agata","Carter","18","a.carter@randatmail.com"
"Emily","Murphy","24","e.murphy@randatmail.com"
"Annabella","Spencer","26","a.spencer@randatmail.com"
"Lucas","Watson","28","l.watson@randatmail.com"
"Nicholas","Cunningham","28","n.cunningham@randatmail.com"
"Stella","Nelson","22","s.nelson@randatmail.com"
"Frederick","Russell","20","f.russell@randatmail.com"
"Luke","Alexander","19","l.alexander@randatmail.com"
"Darcy","Cooper","30","d.cooper@randatmail.com"
"Ryan","Craig","24","r.craig@randatmail.com"
"Dale","Watson","20","d.watson@randatmail.com"
"Martin","Stevens","28","m.stevens@randatmail.com"
"Paul","Stewart","20","p.stewart@randatmail.com"
"Maddie","Farrell","23","m.farrell@randatmail.com"
"Derek","Harris","22","d.harris@randatmail.com"
"Abraham","Richardson","29","a.richardson@randatmail.com"
"Lyndon","Riley","27","l.riley@randatmail.com"
"Kirsten","Scott","28","k.scott@randatmail.com"
"Anna","Ross","28","a.ross@randatmail.com"
"Ashton","Kelly","29","a.kelly@randatmail.com"
"Melanie","Reed","25","m.reed@randatmail.com"
"Sawyer","Warren","28","s.warren@randatmail.com"
"Arianna","Carter","21","a.carter@randatmail.com"
"Alen","Watson","28","a.watson@randatmail.com"
"Alexia","Campbell","25","a.campbell@randatmail.com"
"Aiden","Mason","23","a.mason@randatmail.com"
"Edith","Williams","23","e.williams@randatmail.com"
"Kate","Crawford","26","k.crawford@randatmail.com"
"Maddie","Wells","26","m.wells@randatmail.com"
"Chester","Richardson","20","c.richardson@randatmail.com"
"Edgar","Grant","21","e.grant@randatmail.com"
"Nicholas","Kelley","27","n.kelley@randatmail.com"
"Albert","Henderson","27","a.henderson@randatmail.com"
"Melissa","Walker","29","m.walker@randatmail.com"
"Connie","Alexander","24","c.alexander@randatmail.com"
